periodo;indice;valor
201101;metro_linea_a;9939136
201101;metro_linea_b;1706614
201101;metro_linea_k;529086
201101;metro_linea_j;227784
201101;metro_linea_l;109644
201101;metro_linea_1_buses;0
201201;metro_linea_a;10856228
201201;metro_linea_b;1845668
201201;metro_linea_k;565919
201201;metro_linea_j;258750
201201;metro_linea_l;132501
201201;metro_linea_1_buses;583708
201301;metro_linea_a;11089068
201301;metro_linea_b;1868187
201301;metro_linea_k;559307
201301;metro_linea_j;282826
201301;metro_linea_l;111860
201301;metro_linea_1_buses;922144
201301;metro_linea_2_buses;0
201301;metro_cuenca_3;0
201301;metro_cuenca_6;0
201401;metro_linea_a;11004939
201401;metro_linea_b;1933935
201401;metro_linea_k;587108
201401;metro_linea_j;345444
201401;metro_linea_l;95939
201401;metro_linea_1_buses;1522406
201401;metro_linea_2_buses;297319
201401;metro_cuenca_3;316701
201401;metro_cuenca_6;351219
201501;metro_linea_a;12680744
201501;metro_linea_b;2099776
201501;metro_linea_k;612375
201501;metro_linea_j;364924
201501;metro_linea_l;118857
201501;metro_linea_1_buses;1594309
201501;metro_linea_2_buses;309668
201501;metro_cuenca_3;419735
201501;metro_cuenca_6;797228
201601;metro_linea_a;13219958
201601;metro_linea_b;2175365
201601;metro_linea_k;622499
201601;metro_linea_j;373947
201601;metro_linea_l;134233
201601;metro_linea_1_buses;1611116
201601;metro_linea_2_buses;292859
201601;metro_cuenca_3;454014
201601;metro_cuenca_6;873973
201601;metro_cuenca_7_integrados;47442
201601;metro_cuenca_5_integrados;0
201601;metro_tranvia;0
201601;metro_linea_h;0
201701;metro_linea_a;13569290
201701;metro_linea_b;2318271
201701;metro_linea_k;650615
201701;metro_linea_j;404560
201701;metro_linea_l;136987
201701;metro_linea_1_buses;1790749
201701;metro_linea_2_buses;307244
201701;metro_cuenca_3;514763
201701;metro_cuenca_6;928880
201701;metro_cuenca_7_integrados;346994
201701;metro_cuenca_5_integrados;322651
201701;metro_tranvia;494617
201701;metro_linea_h;46440
201102;metro_linea_a;10412839
201102;metro_linea_b;1819092
201102;metro_linea_k;487609
201102;metro_linea_j;220832
201102;metro_linea_l;64910
201102;metro_linea_1_buses;0
201202;metro_linea_a;11036302
201202;metro_linea_b;1965248
201202;metro_linea_k;516502
201202;metro_linea_j;263135
201202;metro_linea_l;63052
201202;metro_linea_1_buses;693971
201302;metro_linea_a;11293626
201302;metro_linea_b;1941982
201302;metro_linea_k;498808
201302;metro_linea_j;278007
201302;metro_linea_l;42954
201302;metro_linea_1_buses;1038173
201302;metro_linea_2_buses;0
201302;metro_cuenca_3;0
201302;metro_cuenca_6;0
201402;metro_linea_a;12101453
201402;metro_linea_b;2118215
201402;metro_linea_k;538230
201402;metro_linea_j;341398
201402;metro_linea_l;50337
201402;metro_linea_1_buses;1697048
201402;metro_linea_2_buses;333310
201402;metro_cuenca_3;432021
201402;metro_cuenca_6;603484
201502;metro_linea_a;13274427
201502;metro_linea_b;2270327
201502;metro_linea_k;560164
201502;metro_linea_j;357187
201502;metro_linea_l;50941
201502;metro_linea_1_buses;1789746
201502;metro_linea_2_buses;338705
201502;metro_cuenca_3;459497
201502;metro_cuenca_6;859296
201602;metro_linea_a;14322955
201602;metro_linea_b;2471380
201602;metro_linea_k;589059
201602;metro_linea_j;391716
201602;metro_linea_l;63534
201602;metro_linea_1_buses;1921758
201602;metro_linea_2_buses;334647
201602;metro_cuenca_3;537662
201602;metro_cuenca_6;1010469
201602;metro_cuenca_7_integrados;361938
201602;metro_cuenca_5_integrados;0
201602;metro_tranvia;0
201602;metro_linea_h;0
201702;metro_linea_a;14024137
201702;metro_linea_b;2471705
201702;metro_linea_k;596335
201702;metro_linea_j;395913
201702;metro_linea_l;69299
201702;metro_linea_1_buses;1986739
201702;metro_linea_2_buses;330672
201702;metro_cuenca_3;556025
201702;metro_cuenca_6;971089
201702;metro_cuenca_7_integrados;374338
201702;metro_cuenca_5_integrados;392490
201702;metro_tranvia;512615
201702;metro_linea_h;48114
201103;metro_linea_a;11617733
201103;metro_linea_b;2025996
201103;metro_linea_k;455580
201103;metro_linea_j;241408
201103;metro_linea_l;57662
201103;metro_linea_1_buses;0
201203;metro_linea_a;11644122
201203;metro_linea_b;2074265
201203;metro_linea_k;545087
201203;metro_linea_j;262493
201203;metro_linea_l;64395
201203;metro_linea_1_buses;769733
201303;metro_linea_a;11365510
201303;metro_linea_b;1968200
201303;metro_linea_k;535199
201303;metro_linea_j;218378
201303;metro_linea_l;82736
201303;metro_linea_1_buses;1042564
201303;metro_linea_2_buses;0
201303;metro_cuenca_3;0
201303;metro_cuenca_6;0
201403;metro_linea_a;12141808
201403;metro_linea_b;2264728
201403;metro_linea_k;595987
201403;metro_linea_j;378298
201403;metro_linea_l;56803
201403;metro_linea_1_buses;1841105
201403;metro_linea_2_buses;397760
201403;metro_cuenca_3;479384
201403;metro_cuenca_6;777221
201503;metro_linea_a;14252048
201503;metro_linea_b;2441014
201503;metro_linea_k;611305
201503;metro_linea_j;386881
201503;metro_linea_l;65005
201503;metro_linea_1_buses;1878140
201503;metro_linea_2_buses;356399
201503;metro_cuenca_3;489773
201503;metro_cuenca_6;916217
201603;metro_linea_a;14118124
201603;metro_linea_b;2439102
201603;metro_linea_k;612385
201603;metro_linea_j;390073
201603;metro_linea_l;93681
201603;metro_linea_1_buses;1865614
201603;metro_linea_2_buses;325237
201603;metro_cuenca_3;530246
201603;metro_cuenca_6;1005938
201603;metro_cuenca_7_integrados;362126
201603;metro_cuenca_5_integrados;0
201603;metro_tranvia;8829
201603;metro_linea_h;0
201702;metro_cuenca_9_integrados;3626
201703;metro_linea_a;15612156
201703;metro_linea_b;2789789
201703;metro_linea_k;644832
201703;metro_linea_j;438403
201703;metro_linea_l;64399
201703;metro_linea_1_buses;2206436
201703;metro_linea_2_buses;364736
201703;metro_cuenca_3;628027
201703;metro_cuenca_6;1086153
201703;metro_cuenca_7_integrados;421567
201703;metro_cuenca_5_integrados;443032
201703;metro_tranvia;585961
201703;metro_linea_h;55608
201104;metro_linea_a;10556834
201104;metro_linea_b;1838067
201104;metro_linea_k;293890
201104;metro_linea_j;156812
201104;metro_linea_l;58525
201104;metro_linea_1_buses;0
201204;metro_linea_a;10463017
201204;metro_linea_b;1855716
201204;metro_linea_k;301056
201204;metro_linea_j;189889
201204;metro_linea_l;57841
201204;metro_linea_1_buses;730833
201304;metro_linea_a;12444683
201304;metro_linea_b;2125663
201304;metro_linea_k;347071
201304;metro_linea_j;301541
201304;metro_linea_l;31956
201304;metro_linea_1_buses;1214188
201304;metro_linea_2_buses;18878
201304;metro_cuenca_3;0
201304;metro_cuenca_6;0
201404;metro_linea_a;12189994
201404;metro_linea_b;2136594
201404;metro_linea_k;564910
201404;metro_linea_j;353396
201404;metro_linea_l;74616
201404;metro_linea_1_buses;1689960
201404;metro_linea_2_buses;349969
201404;metro_cuenca_3;434928
201404;metro_cuenca_6;763922
201504;metro_linea_a;13848320
201504;metro_linea_b;2379834
201504;metro_linea_k;580095
201504;metro_linea_j;371154
201504;metro_linea_l;63286
201504;metro_linea_1_buses;1816887
201504;metro_linea_2_buses;332086
201504;metro_cuenca_3;471303
201504;metro_cuenca_6;885061
201604;metro_linea_a;14053004
201604;metro_linea_b;2443754
201604;metro_linea_k;576172
201604;metro_linea_j;388801
201604;metro_linea_l;57117
201604;metro_linea_1_buses;2057234
201604;metro_linea_2_buses;342476
201604;metro_cuenca_3;554154
201604;metro_cuenca_6;1096954
201604;metro_cuenca_7_integrados;368374
201604;metro_cuenca_5_integrados;0
201604;metro_tranvia;260741
201604;metro_linea_h;0
201703;metro_cuenca_9_integrados;135997
201704;metro_linea_a;13629656
201704;metro_linea_b;2438616
201704;metro_linea_k;603523
201704;metro_linea_j;402992
201704;metro_linea_l;88273
201704;metro_linea_1_buses;1890173
201704;metro_linea_2_buses;308637
201704;metro_cuenca_3;547506
201704;metro_cuenca_6;956458
201704;metro_cuenca_7_integrados;359731
201704;metro_cuenca_5_integrados;361635
201704;metro_tranvia;538026
201704;metro_linea_h;50716
201105;metro_linea_a;11610943
201105;metro_linea_b;2037374
201105;metro_linea_k;525054
201105;metro_linea_j;240581
201105;metro_linea_l;62068
201105;metro_linea_1_buses;0
201205;metro_linea_a;11575305
201205;metro_linea_b;2064861
201205;metro_linea_k;520852
201205;metro_linea_j;185870
201205;metro_linea_l;57399
201205;metro_linea_1_buses;835772
201305;metro_linea_a;12438537
201305;metro_linea_b;2148391
201305;metro_linea_k;549039
201305;metro_linea_j;312079
201305;metro_linea_l;54575
201305;metro_linea_1_buses;1324964
201305;metro_linea_2_buses;112898
201305;metro_cuenca_3;0
201305;metro_cuenca_6;0
201405;metro_linea_a;13301809
201405;metro_linea_b;2308809
201405;metro_linea_k;587954
201405;metro_linea_j;375397
201405;metro_linea_l;48108
201405;metro_linea_1_buses;1843662
201405;metro_linea_2_buses;376770
201405;metro_cuenca_3;464532
201405;metro_cuenca_6;824404
201505;metro_linea_a;14201302
201505;metro_linea_b;2435841
201505;metro_linea_k;607246
201505;metro_linea_j;394017
201505;metro_linea_l;71681
201505;metro_linea_1_buses;1879227
201505;metro_linea_2_buses;331802
201505;metro_cuenca_3;484266
201505;metro_cuenca_6;916787
201605;metro_linea_a;14727180
201605;metro_linea_b;2556056
201605;metro_linea_k;553311
201605;metro_linea_j;409190
201605;metro_linea_l;60007
201605;metro_linea_1_buses;1933563
201605;metro_linea_2_buses;327785
201605;metro_cuenca_3;546524
201605;metro_cuenca_6;1054035
201605;metro_cuenca_7_integrados;374641
201605;metro_cuenca_5_integrados;0
201605;metro_tranvia;318439
201605;metro_linea_h;0
201704;metro_cuenca_9_integrados;115016
201705;metro_linea_a;15019385
201705;metro_linea_b;2691378
201705;metro_linea_k;634131
201705;metro_linea_j;443882
201705;metro_linea_l;64428
201705;metro_linea_1_buses;2076335
201705;metro_linea_2_buses;328704
201705;metro_cuenca_3;603701
201705;metro_cuenca_6;1049286
201705;metro_cuenca_7_integrados;401992
201705;metro_cuenca_5_integrados;412375
201705;metro_tranvia;586741
201705;metro_linea_h;55940
201106;metro_linea_a;10889341
201106;metro_linea_b;1901605
201106;metro_linea_k;531382
201106;metro_linea_j;239021
201106;metro_linea_l;114284
201106;metro_linea_1_buses;0
201206;metro_linea_a;11085433
201206;metro_linea_b;1896190
201206;metro_linea_k;534817
201206;metro_linea_j;263926
201206;metro_linea_l;100702
201206;metro_linea_1_buses;782014
201306;metro_linea_a;11793653
201306;metro_linea_b;1990734
201306;metro_linea_k;561938
201306;metro_linea_j;307580
201306;metro_linea_l;98370
201306;metro_linea_1_buses;1217463
201306;metro_linea_2_buses;118600
201306;metro_cuenca_3;0
201306;metro_cuenca_6;0
201406;metro_linea_a;12029612
201406;metro_linea_b;2026689
201406;metro_linea_k;477690
201406;metro_linea_j;317707
201406;metro_linea_l;70783
201406;metro_linea_1_buses;1600370
201406;metro_linea_2_buses;328028
201406;metro_cuenca_3;405643
201406;metro_cuenca_6;736928
201506;metro_linea_a;13705567
201506;metro_linea_b;2263646
201506;metro_linea_k;607976
201506;metro_linea_j;388261
201506;metro_linea_l;92863
201506;metro_linea_1_buses;1728481
201506;metro_linea_2_buses;309790
201506;metro_cuenca_3;462444
201506;metro_cuenca_6;857703
201606;metro_linea_a;14478151
201606;metro_linea_b;2490730
201606;metro_linea_k;519581
201606;metro_linea_j;263108
201606;metro_linea_l;88120
201606;metro_linea_1_buses;1822202
201606;metro_linea_2_buses;320279
201606;metro_cuenca_3;516141
201606;metro_cuenca_6;1032966
201606;metro_cuenca_7_integrados;361047
201606;metro_cuenca_5_integrados;0
201606;metro_tranvia;335764
201606;metro_linea_h;0
201705;metro_cuenca_9_integrados;126624
201706;metro_linea_a;14026337
201706;metro_linea_b;2473849
201706;metro_linea_k;394217
201706;metro_linea_j;409670
201706;metro_linea_l;59560
201706;metro_linea_1_buses;1864499
201706;metro_linea_2_buses;312754
201706;metro_cuenca_3;553843
201706;metro_cuenca_6;1006398
201706;metro_cuenca_7_integrados;369761
201706;metro_cuenca_5_integrados;368403
201706;metro_tranvia;550894
201706;metro_linea_h;54393
201107;metro_linea_a;11200417
201107;metro_linea_b;1953089
201107;metro_linea_k;544120
201107;metro_linea_j;252894
201107;metro_linea_l;105380
201107;metro_linea_1_buses;0
201207;metro_linea_a;11193306
201207;metro_linea_b;1973758
201207;metro_linea_k;545578
201207;metro_linea_j;276841
201207;metro_linea_l;89983
201207;metro_linea_1_buses;825996
201307;metro_linea_a;12719495
201307;metro_linea_b;2152293
201307;metro_linea_k;588815
201307;metro_linea_j;326313
201307;metro_linea_l;86406
201307;metro_linea_1_buses;1351201
201307;metro_linea_2_buses;102249
201307;metro_cuenca_3;0
201307;metro_cuenca_6;0
201407;metro_linea_a;13596987
201407;metro_linea_b;2297422
201407;metro_linea_k;611185
201407;metro_linea_j;386238
201407;metro_linea_l;69405
201407;metro_linea_1_buses;1806315
201407;metro_linea_2_buses;377232
201407;metro_cuenca_3;480761
201407;metro_cuenca_6;844952
201507;metro_linea_a;14898532
201507;metro_linea_b;2522206
201507;metro_linea_k;161556
201507;metro_linea_j;190039
201507;metro_linea_l;8832
201507;metro_linea_1_buses;1909444
201507;metro_linea_2_buses;345207
201507;metro_cuenca_3;539714
201507;metro_cuenca_6;977677
201607;metro_linea_a;14333243
201607;metro_linea_b;2479336
201607;metro_linea_k;642948
201607;metro_linea_j;404220
201607;metro_linea_l;110596
201607;metro_linea_1_buses;1825935
201607;metro_linea_2_buses;316855
201607;metro_cuenca_3;533254
201607;metro_cuenca_6;1015339
201607;metro_cuenca_7_integrados;351112
201607;metro_cuenca_5_integrados;0
201607;metro_tranvia;375954
201607;metro_linea_h;0
201706;metro_cuenca_9_integrados;113814
201707;metro_linea_a;14278459
201707;metro_linea_b;2593310
201707;metro_linea_k;630026
201707;metro_linea_j;307972
201707;metro_linea_l;103621
201707;metro_linea_1_buses;1920054
201707;metro_linea_2_buses;317948
201707;metro_cuenca_3;594672
201707;metro_cuenca_6;1028059
201707;metro_cuenca_7_integrados;375266
201707;metro_cuenca_5_integrados;370419
201707;metro_tranvia;581525
201707;metro_linea_h;0
201108;metro_linea_a;12327129
201108;metro_linea_b;2159626
201108;metro_linea_k;552040
201108;metro_linea_j;260463
201108;metro_linea_l;82733
201108;metro_linea_1_buses;0
201208;metro_linea_a;12155283
201208;metro_linea_b;2148709
201208;metro_linea_k;555756
201208;metro_linea_j;286231
201208;metro_linea_l;83643
201208;metro_linea_1_buses;952793
201308;metro_linea_a;13271147
201308;metro_linea_b;2290711
201308;metro_linea_k;577013
201308;metro_linea_j;343323
201308;metro_linea_l;79313
201308;metro_linea_1_buses;1427775
201308;metro_linea_2_buses;143478
201308;metro_cuenca_3;0
201308;metro_cuenca_6;0
201408;metro_linea_a;13656347
201408;metro_linea_b;2367297
201408;metro_linea_k;605479
201408;metro_linea_j;370080
201408;metro_linea_l;88000
201408;metro_linea_1_buses;1859471
201408;metro_linea_2_buses;361626
201408;metro_cuenca_3;478733
201408;metro_cuenca_6;861998
201508;metro_linea_a;14873141
201508;metro_linea_b;2558939
201508;metro_linea_k;627058
201508;metro_linea_j;427918
201508;metro_linea_l;98380
201508;metro_linea_1_buses;1952879
201508;metro_linea_2_buses;336823
201508;metro_cuenca_3;537028
201508;metro_cuenca_6;971531
201608;metro_linea_a;15599692
201608;metro_linea_b;2734621
201608;metro_linea_k;649181
201608;metro_linea_j;424344
201608;metro_linea_l;90077
201608;metro_linea_1_buses;2102085
201608;metro_linea_2_buses;347482
201608;metro_cuenca_3;598073
201608;metro_cuenca_6;1111041
201608;metro_cuenca_7_integrados;393626
201608;metro_cuenca_5_integrados;0
201608;metro_tranvia;480355
201608;metro_linea_h;0
201707;metro_cuenca_9_integrados;112818
201708;metro_linea_a;15590911
201708;metro_linea_b;2822260
201708;metro_linea_k;648320
201708;metro_linea_j;441147
201708;metro_linea_l;92092
201708;metro_linea_1_buses;2169768
201708;metro_linea_2_buses;339521
201708;metro_cuenca_3;650271
201708;metro_cuenca_6;1107986
201708;metro_cuenca_7_integrados;408586
201708;metro_cuenca_5_integrados;426122
201708;metro_tranvia;662777
201708;metro_linea_h;60882
201109;metro_linea_a;11779626
201109;metro_linea_b;2058446
201109;metro_linea_k;439345
201109;metro_linea_j;257191
201109;metro_linea_l;51160
201109;metro_linea_1_buses;0
201209;metro_linea_a;11664331
201209;metro_linea_b;2057264
201209;metro_linea_k;541430
201209;metro_linea_j;285202
201209;metro_linea_l;61751
201209;metro_linea_1_buses;978363
201309;metro_linea_a;12975914
201309;metro_linea_b;2211821
201309;metro_linea_k;563977
201309;metro_linea_j;340583
201309;metro_linea_l;51831
201309;metro_linea_1_buses;1401196
201309;metro_linea_2_buses;150268
201309;metro_cuenca_3;0
201309;metro_cuenca_6;0
201409;metro_linea_a;13876280
201409;metro_linea_b;2362408
201409;metro_linea_k;584510
201409;metro_linea_j;371036
201409;metro_linea_l;46398
201409;metro_linea_1_buses;1852990
201409;metro_linea_2_buses;362362
201409;metro_cuenca_3;489630
201409;metro_cuenca_6;907280
201509;metro_linea_a;15259578
201509;metro_linea_b;2563185
201509;metro_linea_k;620170
201509;metro_linea_j;416523
201509;metro_linea_l;56535
201509;metro_linea_1_buses;1978038
201509;metro_linea_2_buses;349343
201509;metro_cuenca_3;559120
201509;metro_cuenca_6;1034346
201609;metro_linea_a;15426388
201609;metro_linea_b;2651233
201609;metro_linea_k;629031
201609;metro_linea_j;424451
201609;metro_linea_l;59968
201609;metro_linea_1_buses;2049751
201609;metro_linea_2_buses;345948
201609;metro_cuenca_3;592336
201609;metro_cuenca_6;1109726
201609;metro_cuenca_7_integrados;394334
201609;metro_cuenca_5_integrados;0
201609;metro_tranvia;419035
201609;metro_linea_h;0
201708;metro_cuenca_9_integrados;127627
201709;metro_linea_a;15403265
201709;metro_linea_b;2769498
201709;metro_linea_k;634354
201709;metro_linea_j;443323
201709;metro_linea_l;59358
201709;metro_linea_1_buses;2113366
201709;metro_linea_2_buses;334044
201709;metro_cuenca_3;629842
201709;metro_cuenca_6;1097723
201709;metro_cuenca_7_integrados;405479
201709;metro_cuenca_5_integrados;424417
201709;metro_tranvia;654798
201709;metro_linea_h;60699
201110;metro_linea_a;11733842
201110;metro_linea_b;2066289
201110;metro_linea_k;564963
201110;metro_linea_j;267591
201110;metro_linea_l;71958
201110;metro_linea_1_buses;0
201210;metro_linea_a;12455682
201210;metro_linea_b;2183514
201210;metro_linea_k;568586
201210;metro_linea_j;297366
201210;metro_linea_l;63329
201210;metro_linea_1_buses;1070447
201310;metro_linea_a;13548928
201310;metro_linea_b;2301295
201310;metro_linea_k;589008
201310;metro_linea_j;359663
201310;metro_linea_l;64556
201310;metro_linea_1_buses;1453615
201310;metro_linea_2_buses;159941
201310;metro_cuenca_3;7200
201310;metro_cuenca_6;1271
201410;metro_linea_a;14458862
201410;metro_linea_b;2457612
201410;metro_linea_k;604380
201410;metro_linea_j;383101
201410;metro_linea_l;55807
201410;metro_linea_1_buses;1878149
201410;metro_linea_2_buses;365020
201410;metro_cuenca_3;494671
201410;metro_cuenca_6;924596
201510;metro_linea_a;15367531
201510;metro_linea_b;2588079
201510;metro_linea_k;634265
201510;metro_linea_j;422395
201510;metro_linea_l;68698
201510;metro_linea_1_buses;1965176
201510;metro_linea_2_buses;348987
201510;metro_cuenca_3;570201
201510;metro_cuenca_6;1071318
201610;metro_linea_a;15215438
201610;metro_linea_b;2624743
201610;metro_linea_k;637260
201610;metro_linea_j;422982
201610;metro_linea_l;77622
201610;metro_linea_1_buses;2059090
201610;metro_linea_2_buses;338737
201610;metro_cuenca_3;589609
201610;metro_cuenca_6;1103095
201610;metro_cuenca_7_integrados;379217
201610;metro_cuenca_5_integrados;0
201610;metro_tranvia;434404
201610;metro_linea_h;0
201710;metro_linea_a;15567420
201710;metro_linea_b;2794918
201710;metro_linea_k;642659
201710;metro_linea_j;443270
201710;metro_linea_l;72443
201710;metro_linea_1_buses;2119555
201710;metro_linea_2_buses;336269
201710;metro_cuenca_3;642348
201710;metro_cuenca_6;1092715
201710;metro_cuenca_7_integrados;406003
201710;metro_cuenca_5_integrados;424048
201710;metro_tranvia;669999
201710;metro_linea_h;61217
201111;metro_linea_a;11400883
201111;metro_linea_b;1970083
201111;metro_linea_k;530352
201111;metro_linea_j;249783
201111;metro_linea_l;66532
201111;metro_linea_1_buses;0
201211;metro_linea_a;11943062
201211;metro_linea_b;2064561
201211;metro_linea_k;531304
201211;metro_linea_j;285364
201211;metro_linea_l;65179
201211;metro_linea_1_buses;1021419
201311;metro_linea_a;12990948
201311;metro_linea_b;2208810
201311;metro_linea_k;573924
201311;metro_linea_j;347354
201311;metro_linea_l;62073
201311;metro_linea_1_buses;1373085
201311;metro_linea_2_buses;160376
201311;metro_cuenca_3;70002
201311;metro_cuenca_6;68222
201411;metro_linea_a;13573843
201411;metro_linea_b;2306473
201411;metro_linea_k;457103
201411;metro_linea_j;364854
201411;metro_linea_l;50904
201411;metro_linea_1_buses;1782297
201411;metro_linea_2_buses;334208
201411;metro_cuenca_3;455002
201411;metro_cuenca_6;872802
201511;metro_linea_a;14881312
201511;metro_linea_b;2469658
201511;metro_linea_k;618303
201511;metro_linea_j;420042
201511;metro_linea_l;73400
201511;metro_linea_1_buses;1876598
201511;metro_linea_2_buses;320606
201511;metro_cuenca_3;519261
201511;metro_cuenca_6;994328
201611;metro_linea_a;15194187
201611;metro_linea_b;2595602
201611;metro_linea_k;613028
201611;metro_linea_j;409257
201611;metro_linea_l;68126
201611;metro_linea_1_buses;1996823
201611;metro_linea_2_buses;328415
201611;metro_cuenca_3;563576
201611;metro_cuenca_6;1050024
201611;metro_cuenca_7_integrados;378563
201611;metro_cuenca_5_integrados;0
201611;metro_tranvia;413092
201611;metro_linea_h;0
201711;metro_linea_a;14791658
201711;metro_linea_b;2703267
201711;metro_linea_k;636745
201711;metro_linea_j;432012
201711;metro_linea_l;74700
201711;metro_linea_1_buses;2046099
201711;metro_linea_2_buses;329126
201711;metro_cuenca_3;615586
201711;metro_cuenca_6;1036227
201711;metro_cuenca_7_integrados;399708
201711;metro_cuenca_5_integrados;413201
201711;metro_tranvia;674946
201711;metro_linea_h;59289
201112;metro_linea_a;12699496
201112;metro_linea_b;2044723
201112;metro_linea_k;617214
201112;metro_linea_j;281159
201112;metro_linea_l;98438
201112;metro_linea_1_buses;146265
201212;metro_linea_a;12508440
201212;metro_linea_b;2046501
201212;metro_linea_k;603826
201212;metro_linea_j;314662
201212;metro_linea_l;97437
201212;metro_linea_1_buses;966684
201312;metro_linea_a;13763172
201312;metro_linea_b;2203075
201312;metro_linea_k;655997
201312;metro_linea_j;381337
201312;metro_linea_l;84273
201312;metro_linea_1_buses;1406731
201312;metro_linea_2_buses;194409
201312;metro_cuenca_3;168976
201312;metro_cuenca_6;115126
201412;metro_linea_a;14515230
201412;metro_linea_b;2322375
201412;metro_linea_k;654265
201412;metro_linea_j;398255
201412;metro_linea_l;94022
201412;metro_linea_1_buses;1752707
201412;metro_linea_2_buses;342936
201412;metro_cuenca_3;447203
201412;metro_cuenca_6;821398
201512;metro_linea_a;15551802
201512;metro_linea_b;2456015
201512;metro_linea_k;683135
201512;metro_linea_j;355107
201512;metro_linea_l;120637
201512;metro_linea_1_buses;1822264
201512;metro_linea_2_buses;330811
201512;metro_cuenca_3;493007
201512;metro_cuenca_6;938575
201612;metro_linea_a;15993181
201612;metro_linea_b;2535013
201612;metro_linea_k;698888
201612;metro_linea_j;446320
201612;metro_linea_l;114172
201612;metro_linea_1_buses;1929735
201612;metro_linea_2_buses;335095
201612;metro_cuenca_3;540908
201612;metro_cuenca_6;983874
201612;metro_cuenca_7_integrados;364853
201612;metro_cuenca_5_integrados;24687
201612;metro_tranvia;514277
201612;metro_linea_h;19264
201712;metro_linea_a;15265404
201712;metro_linea_b;2474290
201712;metro_linea_k;709528
201712;metro_linea_j;442552
201712;metro_linea_l;117470
201712;metro_linea_1_buses;1938156
201712;metro_linea_2_buses;321518
201712;metro_cuenca_3;570515
201712;metro_cuenca_6;954275
201712;metro_cuenca_7_integrados;375026
201712;metro_cuenca_5_integrados;358781
201712;metro_tranvia;695828
201712;metro_linea_h;63793
201709;metro_cuenca_9_integrados;127577
201710;metro_cuenca_9_integrados;129066
201711;metro_cuenca_9_integrados;126932
201712;metro_cuenca_9_integrados;113086
201801;metro_linea_h;47162
201801;metro_linea_a;13502214
201801;metro_linea_b;2169943
201801;metro_linea_k;651480
201801;metro_linea_j;414478
201801;metro_linea_l;130621
201801;metro_linea_1_buses;1831822
201801;metro_linea_2_buses;303527
201801;metro_cuenca_3;554229
201801;metro_cuenca_6;956004
201801;metro_cuenca_5_integrados;366202
201801;metro_cuenca_7_integrados;356622
201801;metro_cuenca_9_integrados;107738
201801;metro_tranvia;639973
201802;metro_linea_h;55351
201802;metro_linea_a;13676859
201802;metro_linea_b;2328886
201802;metro_linea_k;603168
201802;metro_linea_j;416493
201802;metro_linea_l;67335
201802;metro_linea_1_buses;2054638
201802;metro_linea_2_buses;326004
201802;metro_cuenca_3;608434
201802;metro_cuenca_6;1024141
201802;metro_cuenca_5_integrados;392098
201802;metro_cuenca_7_integrados;404533
201802;metro_cuenca_9_integrados;121186
201802;metro_tranvia;676413
201803;metro_linea_h;60052
201803;metro_linea_a;14136660
201803;metro_linea_b;2357619
201803;metro_linea_k;642933
201803;metro_linea_j;433843
201803;metro_linea_l;102878
201803;metro_linea_1_buses;2081501
201803;metro_linea_2_buses;330756
201803;metro_cuenca_3;627069
201803;metro_cuenca_6;1075525
201803;metro_cuenca_5_integrados;403962
201803;metro_cuenca_7_integrados;395625
201803;metro_cuenca_9_integrados;122185
201803;metro_tranvia;702173
201804;metro_linea_h;60478
201804;metro_linea_a;14721662
201804;metro_linea_b;2471310
201804;metro_linea_k;627610
201804;metro_linea_j;436965
201804;metro_linea_l;62698
201804;metro_linea_1_buses;2138519
201804;metro_linea_2_buses;336914
201804;metro_cuenca_3;646902
201804;metro_cuenca_6;1109478
201804;metro_cuenca_7_integrados;415014
201804;metro_cuenca_5_integrados;439296
201804;metro_cuenca_9_integrados;131685
201804;metro_tranvia;721761
201805;metro_linea_h;60034
201805;metro_linea_a;14200846
201805;metro_linea_b;2262275
201805;metro_linea_k;626916
201805;metro_linea_j;413945
201805;metro_linea_l;60911
201805;metro_linea_1_buses;2185949
201805;metro_linea_2_buses;345774
201805;metro_cuenca_3;650703
201805;metro_cuenca_6;1172990
201805;metro_cuenca_7_integrados;410423
201805;metro_cuenca_5_integrados;437453
201805;metro_cuenca_9_integrados;131307
201805;metro_tranvia;740367
201806;metro_linea_h;58419
201806;metro_linea_a;13422736
201806;metro_linea_b;2026020
201806;metro_linea_k;637178
201806;metro_linea_j;380210
201806;metro_linea_l;101388
201806;metro_linea_1_buses;1937280
201806;metro_linea_2_buses;318859
201806;metro_cuenca_3;576915
201806;metro_cuenca_6;1086920
201806;metro_cuenca_7_integrados;387588
201806;metro_cuenca_5_integrados;393387
201806;metro_cuenca_9_integrados;114984
201806;metro_tranvia;677513
201807;metro_linea_h;51194
201807;metro_linea_a;13995720
201807;metro_linea_b;2099949
201807;metro_linea_k;491158
201807;metro_linea_j;335819
201807;metro_linea_l;82376
201807;metro_linea_1_buses;2001024
201807;metro_linea_2_buses;328116
201807;metro_cuenca_3;613271
201807;metro_cuenca_6;1177945
201807;metro_cuenca_7_integrados;403355
201807;metro_cuenca_5_integrados;410755
201807;metro_cuenca_9_integrados;118299
201807;metro_tranvia;712798
201808;metro_linea_h;63135
201808;metro_linea_a;15313256
201808;metro_linea_b;2363588
201808;metro_linea_k;680371
201808;metro_linea_j;426037
201808;metro_linea_l;100586
201808;metro_linea_1_buses;2215879
201808;metro_linea_2_buses;351291
201808;metro_cuenca_3;663026
201808;metro_cuenca_6;1250636
201808;metro_cuenca_7_integrados;444232
201808;metro_cuenca_5_integrados;466078
201808;metro_cuenca_9_integrados;134286
201808;metro_tranvia;812621
201809;metro_linea_h;62611
201809;metro_linea_a;14099240
201809;metro_linea_b;2249250
201809;metro_linea_k;656946
201809;metro_linea_j;415097
201809;metro_linea_l;67901
201809;metro_linea_1_buses;2153143
201809;metro_linea_2_buses;344823
201809;metro_cuenca_3;645453
201809;metro_cuenca_6;1250405
201809;metro_cuenca_7_integrados;440925
201809;metro_cuenca_5_integrados;457438
201809;metro_cuenca_9_integrados;134863
201809;metro_tranvia;791818
201810;metro_linea_h;65527
201810;metro_linea_a;14042117
201810;metro_linea_b;2340270
201810;metro_linea_k;667959
201810;metro_linea_j;428801
201810;metro_linea_l;69740
201810;metro_linea_1_buses;2243401
201810;metro_linea_2_buses;358549
201810;metro_cuenca_3;670285
201810;metro_cuenca_6;1304837
201810;metro_cuenca_7_integrados;465653
201810;metro_cuenca_5_integrados;485386
201810;metro_cuenca_9_integrados;145005
201810;metro_tranvia;828743
201811;metro_linea_h;60908
201811;metro_linea_a;13431128
201811;metro_linea_b;2208532
201811;metro_linea_k;642780
201811;metro_linea_j;403901
201811;metro_linea_l;69625
201811;metro_linea_1_buses;2074972
201811;metro_linea_2_buses;328937
201811;metro_cuenca_3;616971
201811;metro_cuenca_6;1220185
201811;metro_cuenca_7_integrados;440482
201811;metro_cuenca_5_integrados;451328
201811;metro_cuenca_9_integrados;139483
201811;metro_tranvia;773411
201812;metro_linea_h;65529
201812;metro_linea_a;14210329
201812;metro_linea_b;2150654
201812;metro_linea_k;713998
201812;metro_linea_j;427233
201812;metro_linea_l;115419
201812;metro_linea_1_buses;1987039
201812;metro_linea_2_buses;328408
201812;metro_cuenca_3;579800
201812;metro_cuenca_6;1127420
201812;metro_cuenca_7_integrados;420576
201812;metro_cuenca_5_integrados;400910
201812;metro_cuenca_9_integrados;128428
201812;metro_tranvia;771696
201901;metro_linea_h;60569
201901;metro_linea_a;12535604
201901;metro_linea_b;1998443
201901;metro_linea_k;661502
201901;metro_linea_j;394977
201901;metro_linea_l;127279
201901;metro_linea_1_buses;1869841
201901;metro_linea_2_buses;316079
201901;metro_cuenca_3;598896
201901;metro_cuenca_6;1107675
201901;metro_cuenca_7_integrados;408274
201901;metro_cuenca_5_integrados;399409
201901;metro_cuenca_9_integrados;121399
201901;metro_tranvia;706097
201902;metro_linea_h;60464
201902;metro_linea_a;12778251
201902;metro_linea_b;2172629
201902;metro_linea_k;612649
201902;metro_linea_j;391772
201902;metro_linea_l;68224
201902;metro_linea_1_buses;2028906
201902;metro_linea_2_buses;330118
201902;metro_cuenca_3;655442
201902;metro_cuenca_6;1191929
201902;metro_cuenca_7_integrados;432538
201902;metro_cuenca_5_integrados;469413
201902;metro_cuenca_9_integrados;140711
201902;metro_tranvia;774314
201903;metro_linea_h;66372
201903;metro_linea_a;13932274
201903;metro_linea_b;2349728
201903;metro_linea_k;678132
201903;metro_linea_j;435791
201903;metro_linea_l;78614
201903;metro_linea_1_buses;2213755
201903;metro_linea_2_buses;361928
201903;metro_cuenca_3;730587
201903;metro_cuenca_6;1307247
201903;metro_cuenca_7_integrados;475901
201903;metro_cuenca_5_integrados;520615
201903;metro_cuenca_9_integrados;153693
201903;metro_tranvia;879642
201904;metro_linea_h;61057
201904;metro_linea_a;12871922
201904;metro_linea_b;2141433
201904;metro_linea_k;637730
201904;metro_linea_j;317949
201904;metro_linea_l;77241
201904;metro_linea_1_buses;1995039
201904;metro_linea_2_buses;332838
201904;metro_cuenca_3;655953
201904;metro_cuenca_6;1222669
201904;metro_cuenca_7_integrados;440079
201904;metro_cuenca_5_integrados;465206
201904;metro_cuenca_9_integrados;138306
201904;metro_tranvia;800858
201905;metro_linea_h;67131
201905;metro_linea_a;13980101
201905;metro_linea_b;2313919
201905;metro_linea_k;680494
201905;metro_linea_j;424629
201905;metro_linea_l;61040
201905;metro_linea_1_buses;2174077
201905;metro_linea_2_buses;356627
201905;metro_cuenca_3;708986
201905;metro_cuenca_6;1357964
201905;metro_cuenca_7_integrados;489583
201905;metro_cuenca_5_integrados;518730
201905;metro_cuenca_9_integrados;153124
201905;metro_tranvia;866239
201906;metro_linea_h;57404
201906;metro_linea_a;12881074
201906;metro_linea_b;2042896
201906;metro_linea_k;376251
201906;metro_linea_j;407461
201906;metro_linea_l;75495
201906;metro_linea_1_buses;1915896
201906;metro_linea_2_buses;316446
201906;metro_cuenca_3;606484
201906;metro_cuenca_6;1293695
201906;metro_cuenca_7_integrados;438047
201906;metro_cuenca_5_integrados;433531
201906;metro_cuenca_9_integrados;130079
201906;metro_tranvia;764567
201907;metro_linea_h;67202
201907;metro_linea_a;14007725
201907;metro_linea_b;2268596
201907;metro_linea_k;681326
201907;metro_linea_j;433409
201907;metro_linea_l;97641
201907;metro_linea_1_buses;2105136
201907;metro_linea_2_buses;343117
201907;metro_cuenca_3;703539
201907;metro_cuenca_6;1330303
201907;metro_cuenca_7_integrados;478758
201907;metro_cuenca_5_integrados;499542
201907;metro_cuenca_9_integrados;149476
201907;metro_tranvia;846734
201908;metro_linea_h;68677
201908;metro_linea_a;14460344
201908;metro_linea_b;2447948
201908;metro_linea_k;692899
201908;metro_linea_j;450332
201908;metro_linea_l;105345
201908;metro_linea_1_buses;2216597
201908;metro_linea_2_buses;353465
201908;metro_cuenca_3;716443
201908;metro_cuenca_6;1361811
201908;metro_cuenca_7_integrados;489179
201908;metro_cuenca_5_integrados;520970
201908;metro_cuenca_9_integrados;159700
201908;metro_tranvia;930999
201909;metro_linea_h;67926
201909;metro_linea_a;14121137
201909;metro_linea_b;2333621
201909;metro_linea_k;668885
201909;metro_linea_j;432671
201909;metro_linea_l;69477
201909;metro_linea_1_buses;2159721
201909;metro_linea_2_buses;334662
201909;metro_cuenca_3;710590
201909;metro_cuenca_6;1359263
201909;metro_cuenca_7_integrados;487625
201909;metro_cuenca_5_integrados;522780
201909;metro_cuenca_9_integrados;155447
201909;metro_tranvia;883643
